<wpml-config>
	<custom-fields>
		<custom-field action="copy">_dt_post_settings</custom-field>
		<custom-field action="copy">_portfolio_settings</custom-field>
		<custom-field action="copy">_tpl_default_settings</custom-field>
		<custom-field action="copy">_custom_settings</custom-field>
		<custom-field action="translate">_portfolio_subtitle</custom-field>
	</custom-fields>

	<custom-types>
        <custom-type translate="1">dt_portfolios</custom-type>
        <custom-type translate="1">dt_courses</custom-type>
        <custom-type translate="1">dt_poses</custom-type>
		<custom-type translate="1">dt_therapist</custom-type>
    </custom-types> 

	<taxonomies>
        <taxonomy translate="1">portfolio_entries</taxonomy>
        <taxonomy translate="1">portfolio_tags</taxonomy>
        <taxonomy translate="1">dt_yoga_stages</taxonomy>
        <taxonomy translate="1">dt_yoga_days</taxonomy>
        <taxonomy translate="1">dt_yoga_classes</taxonomy>
        <taxonomy translate="1">dt_yoga_period</taxonomy>
        <taxonomy translate="1">dt_yoga_poses_categories</taxonomy>
		<taxonomy translate="0">dt_dummy</taxonomy>
    </taxonomies>

	<language-switcher-settings>
        <key name="icl_lang_sel_config">
            <key name="font-current-normal">#444444</key>
            <key name="font-current-hover">#000000</key>
            <key name="background-current-normal">#ffffff</key>
            <key name="background-current-hover">#eeeeee</key>
            <key name="font-other-normal">#444444</key>
            <key name="font-other-hover">#000000</key>
            <key name="background-other-normal">#ffffff</key>
            <key name="background-other-hover">#eeeeee</key>
            <key name="border">#cdcdcd</key>
        </key>
        <key name="icl_lang_sel_footer_config">
            <key name="font-current-normal">#444444</key>
            <key name="font-current-hover">#000000</key>
            <key name="background-current-normal">#ffffff</key>
            <key name="background-current-hover">#eeeeee</key>
            <key name="font-other-normal">#444444</key>
            <key name="font-other-hover">#000000</key>
            <key name="background-other-normal">#ffffff</key>
            <key name="background-other-hover">#eeeeee</key>
            <key name="border">#cdcdcd</key>
        </key>    
        <key name="icl_language_switcher_sidebar">0</key>  
        <key name="icl_widget_title_show">0</key>
        <key name="icl_lang_sel_type">dropdown</key>
        <key name="icl_lso_link_empty">0</key>
        <key name="icl_lso_flags">0</key>
        <key name="icl_lso_native_lang">1</key>
        <key name="icl_lso_display_lang">1</key>
        <key name="icl_lang_sel_footer">0</key>
        <key name="icl_post_availability">0</key>
        <key name="icl_post_availability_position">below</key>
        <key name="icl_post_availability_text">This post is also available in: %s</key>    
    </language-switcher-settings>

	<admin-texts>
        <key name="dttheme">
            
            <key name="pageoptions">
                <key name="singular-course-name"/>
				<key name="plural-course-name"/>
				<key name="single-course-slug"/>
				<key name="single-stage-slug"/>
				<key name="singular-stage-name"/>
				<key name="plural-stage-name"/>
				<key name="single-day-slug"/>
				<key name="singular-day-name"/>
				<key name="plural-day-name"/>  
				<key name="single-class-slug"/>
				<key name="singular-class-name"/>
				<key name="plural-class-name"/>
				<key name="single-period-slug">
				<key name="singular-period-name">
				<key name="plural-period-name">
				<key name="single-pose-slug">
				<key name="singular-pose-name">
				<key name="plural-pose-name">
				<key name="single-pose-category-slug">
				<key name="singular-pose-category-name">
				<key name="plural-pose-category-name">

            </key>
			
            <key name="privacy">
                <key name="cookiebar-msg"/>
                <key name="commentfrm-msg"/>
                <key name="mailchimpfrm-msg"/>
                <key name="loginfrm-msg"/>
                <key name="custom-model-title"/>
            </key>
        </key>
    </admin-texts>

</wpml-config>